Weten of je klassieke mannelijke kaalheid hebt;Weten of ik klassieke mannelijke kaalheid heb
Je skinny jeans dragen;Mijn skinny jeans dragen
Foto's verplaatsen van de Nokia Lumia 710 naar je pc;Foto's verplaatsen van de Nokia Lumia 710 naar mijn pc
Acne op je hoofdhuid behandelen;Acne op mijn hoofdhuid behandelen
Berekenen hoeveel calorieën je in een dag verbrandt;Berekenen hoeveel calorieën ik in een dag verbrand
Een jongen laten merken dat je hem leuk vindt;Een jongen laten merken dat ik hem leuk vind
Je dikke darm reinigen;Mijn dikke darm reinigen
Je haar opsteken met een haarklem;Mijn haar opsteken met een haarklem
Je leven interessant maken;Mijn leven interessant maken
Eieren in een mandje maken;Eieren in een mandje maken
Je borstspieren rekken;Mijn borstspieren rekken
Voorkomen dat programma's automatisch openen bij het opstarten van je Mac;Voorkomen dat programma's automatisch openen bij het opstarten van mijn Mac
Filmpjes delen via Facebook;Filmpjes delen via Facebook
Je spijkerbroek een versleten look geven;Mijn spijkerbroek een versleten look geven
Zorgen dat je nagels sneller groeien;Zorgen dat mijn nagels sneller groeien
Je computer opschonen;Mijn computer opschonen
Weten of je symptomen van een paniekaanval hebt;Weten of ik symptomen van een paniekaanval heb
Je oogwit stralend wit krijgen;Mijn oogwit stralend wit krijgen
Een jeukende hoofdhuid verhelpen;Een jeukende hoofdhuid verhelpen
Je haar in model brengen;Mijn haar in model brengen
Het gedrag van je hond controleren door roedelleider te worden;Het gedrag van mijn hond controleren door roedelleider te worden
Je moeilijkste doelen bereiken;Mijn moeilijkste doelen bereiken
Je locatie delen op WhatsApp;Mijn locatie delen op WhatsApp
Je kleding lekker laten ruiken;Mijn kleding lekker laten ruiken
Een hangend speeltje voor je cavia maken;Een hangend speeltje voor mijn cavia maken
Je ogen beschermen als je met een computer werkt;Mijn ogen beschermen als ik met een computer werk
Een meisje knuffelen;Een meisje knuffelen
Je gebruikersnaam op YouTube wijzigen;Mijn gebruikersnaam op YouTube wijzigen
Pompoenpitjes roosteren;Pompoenpitjes roosteren
Controleren of er updates zijn voor je telefoon met Android;Controleren of er updates zijn voor mijn telefoon met Android
JavaScript toevoegen aan je website met HTML;JavaScript toevoegen aan mijn website met HTML
Je niet langer zorgen maken over nare dingen die jezelf of familie zouden kunnen overkomen;Mij niet langer zorgen maken over nare dingen die mijzelf of familie zouden kunnen overkomen
Doen alsof je ziek bent om niet naar school te moeten gaan;Doen alsof ik ziek ben om niet naar school te moeten gaan
Je Body Mass Index (BMI) verlagen;Mijn Body Mass Index (BMI) verlagen
Je excuses aanbieden;Mijn excuses aanbieden
Je Facebook account deactiveren;Mijn Facebook account deactiveren
Een backup maken van je gegevens;Een backup maken van mijn gegevens
Weten of een meisje je leuk vindt;Weten of een meisje mij leuk vindt
Je medicijngebruik in de gaten houden;Mijn medicijngebruik in de gaten houden
Je hond leren om jou zijn poot te geven;Mijn hond leren om mij zijn poot te geven
Touwtjespringen om af te vallen;Touwtjespringen om af te vallen
Je haar op natuurlijke wijze snel laten groeien;Mijn haar op natuurlijke wijze snel laten groeien
Je buurman irriteren;Mijn buurman irriteren
De snelheid van je internetverbinding controleren;De snelheid van mijn internetverbinding controleren
Een biertje inschenken;Een biertje inschenken
Zorgen dat je je beter voelt nadat je ziek bent geweest;Zorgen dat ik mij beter voel nadat ik ziek ben geweest
Printen vanaf je iPhone;Printen vanaf mijn iPhone
Je iets herinneren wat je bent vergeten;Mij iets herinneren wat ik ben vergeten
Zorgen dat je laptop langer meegaat;Zorgen dat mijn laptop langer meegaat
SMS'jes bespioneren;SMS'jes bespioneren
De klank van je stem verbeteren;De klank van mijn stem verbeteren
Je gezicht stomen;Mijn gezicht stomen
Van acne op je lichaam afkomen;Van acne op mijn lichaam afkomen
Een meisje zeggen wat je voor haar voelt als je verlegen bent;Een meisje zeggen wat ik voor haar voel als ik verlegen ben
Je stem veranderen;Mijn stem veranderen
Een blikje verkreukelen met luchtdruk;Een blikje verkreukelen met luchtdruk
Weten wie je bent;Weten wie ik ben
Je eetgedrag beheersen;Mijn eetgedrag beheersen
Uitvinden of een meisje je leuk vindt;Uitvinden of een meisje mij leuk vindt
In twee weken van je buikvet afkomen;In twee weken van mijn buikvet afkomen
Je haar lichter maken zonder het te bleken;Mijn haar lichter maken zonder het te bleken
Je haar verven met voedingskleurstof;Mijn haar verven met voedingskleurstof
Je gerbils tam maken;Mijn gerbils tam maken
Erachter komen of hij je leuk vindt;Erachter komen of hij mij leuk vindt
Je schaamhaar verzorgen;Mijn schaamhaar verzorgen
Een meisjesgezicht tekenen;Een meisjesgezicht tekenen
Je leven leiden zonder spijt;Mijn leven leiden zonder spijt
Je dromen beheersen;Mijn dromen beheersen
Je mooi voelen;Mij mooi voelen
Foto's van je Android naar je pc sturen;Foto's van mijn Android naar mijn pc sturen
Je profielfoto op Facebook veranderen;Mijn profielfoto op Facebook veranderen
Koekjesdeeg maken zonder ei;Koekjesdeeg maken zonder ei
Bultjes in het kraakbeen rondom je piercing genezen;Bultjes in het kraakbeen rondom mijn piercing genezen
Jezelf vermaken als je alleen thuis bent;Mijzelf vermaken als ik alleen thuis ben
Uitleggen aan je vriendin wat je leuk aan haar vindt;Uitleggen aan mijn vriendin wat ik leuk aan haar vind
Je hond leren zitten;Mijn hond leren zitten
Ervoor zorgen dat een jongen op de middelbare school je leuk gaat vinden;Ervoor zorgen dat een jongen op de middelbare school mij leuk gaat vinden
Suiker een smaakje geven;Suiker een smaakje geven
Je kleding wassen met afwasmiddel;Mijn kleding wassen met afwasmiddel
Doen alsof je huilt;Doen alsof ik huil
Op je Google Account een reservekopie maken van je Android contacten;Op mijn Google Account een reservekopie maken van mijn Android contacten
Bewerkte etenswaren uit je dieet verwijderen;Bewerkte etenswaren uit mijn dieet verwijderen
De naam van je MacBook veranderen;De naam van mijn MacBook veranderen
Voorkomen dat je verliefd wordt;Voorkomen dat ik verliefd word
Je nieuwe Siberische husky pup trainen en verzorgen;Mijn nieuwe Siberische husky pup trainen en verzorgen
Uitvinden of een jongen je leuk vindt;Uitvinden of een jongen mij leuk vindt
Je borst afbinden;Mijn borst afbinden
Scheerbultjes behandelen;Scheerbultjes behandelen
Je verbeelding kalmeren voor je gaat slapen;Mijn verbeelding kalmeren voor ik ga slapen
Haargroei op je lichaam verminderen;Haargroei op mijn lichaam verminderen
In slaap vallen als je niet moe bent;In slaap vallen als ik niet moe ben
Proberen zwanger te worden na je veertigste;Proberen zwanger te worden na mijn veertigste
Weten of iemand echt van je houdt;Weten of iemand echt van mij houdt
Je persoonlijke waarden vaststellen;Mijn persoonlijke waarden vaststellen
Een fijne relatie met je vriendje hebben;Een fijne relatie met mijn vriendje hebben
Je eigenwaarde een boost geven;Mijn eigenwaarde een boost geven
Problemen in je leven onder ogen zien;Problemen in mijn leven onder ogen zien
Android apps op je pc installeren met Bluestacks;Android apps op mijn pc installeren met Bluestacks
Foto's van je iPod naar je pc overbrengen;Foto's van mijn iPod naar mijn pc overbrengen
Je haar op natuurlijke wijze terug laten groeien;Mijn haar op natuurlijke wijze terug laten groeien
